"id","project_id","status","started_at","completed_at","total_files","files_analyzed","current_wave","total_waves","total_loc","total_business_rules","total_security_issues","total_tech_debt","rules_by_type","security_by_severity","debt_by_category","files_by_domain","files_by_7r","files_by_layer","error_message","failed_files","created_at","updated_at","dead_excluded_files","pattern_excluded_files"
34,proj_0138,completed,,2026-08-10 22:20:23.359,986,965,0,1,0,0,0,0,"{}","{}","{}","{}","{}","{}",,"[""C:\\Users\\vvishwak\\OneDrive - American International Group, Inc\\Documents\\UK-EADS-ui-2741-master\\UK-EADS-ui-2741-master\\eads_web\\broker_system\\_vti_cnf\\brokercontact_pop_up.asp: 1 validation error for DatabaseOp\nis_dynamic_sql\n  Input should be a valid boolean [type=bool_type, input_value=None, input_type=NoneType]\n    For further information visit https://errors.pydantic.dev/2.13/v/bool_type"", ""C:\\Users\\vvishwak\\OneDrive - American International Group, Inc\\Documents\\UK-EADS-ui-2741-master\\UK-EADS-ui-2741-master\\eads_web\\broker_system\\_vti_cnf\\pop_up.asp: 1 validation error for DatabaseOp\nis_dynamic_sql\n  Input should be a valid boolean [type=bool_type, input_value=None, input_type=NoneType]\n    For further information visit https://errors.pydantic.dev/2.13/v/bool_type"", ""C:\\Users\\vvishwak\\OneDrive - American International Group, Inc\\Documents\\UK-EADS-ui-2741-master\\UK-EADS-ui-2741-master\\eads_web\\broker_system\\_vti_cnf\\technician_pop_up.asp: 1 validation error for DatabaseOp\nis_dynamic_sql\n  Input should be a valid boolean [type=bool_type, input_value=None, input_type=NoneType]\n    For further information visit https://errors.pydantic.dev/2.13/v/bool_type"", ""C:\\Users\\vvishwak\\OneDrive - American International Group, Inc\\Documents\\UK-EADS-ui-2741-master\\UK-EADS-ui-2741-master\\eads_web\\endorsement_system\\status_check.asp: 'list' object has no attribute 'get'"", ""C:\\Users\\vvishwak\\OneDrive - American International Group, Inc\\Documents\\UK-EADS-ui-2741-master\\UK-EADS-ui-2741-master\\eads_web\\mgmt_systems\\look_up_tables\\adjuster_contacts\\_vti_cnf\\adjuster_contact_update.asp: 1 validation error for DatabaseOp\nis_dynamic_sql\n  Input should be a valid boolean [type=bool_type, input_value=None, input_type=NoneType]\n    For further information visit https://errors.pydantic.dev/2.13/v/bool_type"", ""C:\\Users\\vvishwak\\OneDrive - American International Group, Inc\\Documents\\UK-EADS-ui-2741-master\\UK-EADS-ui-2741-master\\eads_web\\mgmt_systems\\look_up_tables\\aircraft\\aircraft_save.asp: 1 validation error for DatabaseOp\nis_dynamic_sql\n  Input should be a valid boolean [type=bool_type, input_value=None, input_type=NoneType]\n    For further information visit https://errors.pydantic.dev/2.13/v/bool_type"", ""C:\\Users\\vvishwak\\OneDrive - American International Group, Inc\\Documents\\UK-EADS-ui-2741-master\\UK-EADS-ui-2741-master\\eads_web\\mgmt_systems\\look_up_tables\\branches\\_vti_cnf\\branch_list.asp: 1 validation error for DatabaseOp\nis_dynamic_sql\n  Input should be a valid boolean [type=bool_type, input_value=None, input_type=NoneType]\n    For further information visit https://errors.pydantic.dev/2.13/v/bool_type"", ""C:\\Users\\vvishwak\\OneDrive - American International Group, Inc\\Documents\\UK-EADS-ui-2741-master\\UK-EADS-ui-2741-master\\eads_web\\mgmt_systems\\look_up_tables\\claim_advice_blocking\\_vti_cnf\\advice_block_list.asp: 1 validation error for DatabaseOp\nis_dynamic_sql\n  Input should be a valid boolean [type=bool_type, input_value=None, input_type=NoneType]\n    For further information visit https://errors.pydantic.dev/2.13/v/bool_type"", ""C:\\Users\\vvishwak\\OneDrive - American International Group, Inc\\Documents\\UK-EADS-ui-2741-master\\UK-EADS-ui-2741-master\\eads_web\\mgmt_systems\\look_up_tables\\claim_status_codes\\_vti_cnf\\claim_status_codes_list.asp: 1 validation error for DatabaseOp\nis_dynamic_sql\n  Input should be a valid boolean [type=bool_type, input_value=None, input_type=NoneType]\n    For further information visit https://errors.pydantic.dev/2.13/v/bool_type"", ""C:\\Users\\vvishwak\\OneDrive - American International Group, Inc\\Documents\\UK-EADS-ui-2741-master\\UK-EADS-ui-2741-master\\eads_web\\mgmt_systems\\look_up_tables\\Country\\_vti_cnf\\Country_Details.asp: 1 validation error for DatabaseOp\nis_dynamic_sql\n  Input should be a valid boolean [type=bool_type, input_value=None, input_type=NoneType]\n    For further information visit https://errors.pydantic.dev/2.13/v/bool_type"", ""C:\\Users\\vvishwak\\OneDrive - American International Group, Inc\\Documents\\UK-EADS-ui-2741-master\\UK-EADS-ui-2741-master\\eads_web\\mgmt_systems\\look_up_tables\\manufacturers\\_vti_cnf\\manufacturers_list.asp: 1 validation error for DatabaseOp\nis_dynamic_sql\n  Input should be a valid boolean [type=bool_type, input_value=None, input_type=NoneType]\n    For further information visit https://errors.pydantic.dev/2.13/v/bool_type"", ""C:\\Users\\vvishwak\\OneDrive - American International Group, Inc\\Documents\\UK-EADS-ui-2741-master\\UK-EADS-ui-2741-master\\eads_web\\mgmt_systems\\look_up_tables\\product_mapping\\_vti_cnf\\prod_map_save.asp: 1 validation error for DatabaseOp\nis_dynamic_sql\n  Input should be a valid boolean [type=bool_type, input_value=None, input_type=NoneType]\n    For further information visit https://errors.pydantic.dev/2.13/v/bool_type"", ""C:\\Users\\vvishwak\\OneDrive - American International Group, Inc\\Documents\\UK-EADS-ui-2741-master\\UK-EADS-ui-2741-master\\eads_web\\mgmt_systems\\look_up_tables\\reinsurance_codes\\_vti_cnf\\reinsurance_codes_update.asp: 1 validation error for DatabaseOp\nis_dynamic_sql\n  Input should be a valid boolean [type=bool_type, input_value=None, input_type=NoneType]\n    For further information visit https://errors.pydantic.dev/2.13/v/bool_type"", ""C:\\Users\\vvishwak\\OneDrive - American International Group, Inc\\Documents\\UK-EADS-ui-2741-master\\UK-EADS-ui-2741-master\\eads_web\\mgmt_systems\\look_up_tables\\Tax_Codes\\_vti_cnf\\tax_codes_list.asp: 1 validation error for DatabaseOp\nis_dynamic_sql\n  Input should be a valid boolean [type=bool_type, input_value=None, input_type=NoneType]\n    For further information visit https://errors.pydantic.dev/2.13/v/bool_type"", ""C:\\Users\\vvishwak\\OneDrive - American International Group, Inc\\Documents\\UK-EADS-ui-2741-master\\UK-EADS-ui-2741-master\\eads_web\\mgmt_systems\\utilities_system\\historic_premium_payments\\_vti_cnf\\ListPremiumPayments.asp: 1 validation error for DatabaseOp\nis_dynamic_sql\n  Input should be a valid boolean [type=bool_type, input_value=None, input_type=NoneType]\n    For further information visit https://errors.pydantic.dev/2.13/v/bool_type"", ""C:\\Users\\vvishwak\\OneDrive - American International Group, Inc\\Documents\\UK-EADS-ui-2741-master\\UK-EADS-ui-2741-master\\eads_web\\mgmt_systems\\utilities_system\\historic_premium_payments\\alps_booking_date\\_vti_cnf\\alps_booking_date_popup_save.asp: 1 validation error for DatabaseOp\nis_dynamic_sql\n  Input should be a valid boolean [type=bool_type, input_value=None, input_type=NoneType]\n    For further information visit https://errors.pydantic.dev/2.13/v/bool_type"", ""C:\\Users\\vvishwak\\OneDrive - American International Group, Inc\\Documents\\UK-EADS-ui-2741-master\\UK-EADS-ui-2741-master\\eads_web\\reassured_name_system\\_vti_cnf\\ReassuredSave.asp: 1 validation error for DatabaseOp\nis_dynamic_sql\n  Input should be a valid boolean [type=bool_type, input_value=None, input_type=NoneType]\n    For further information visit https://errors.pydantic.dev/2.13/v/bool_type"", ""C:\\Users\\vvishwak\\OneDrive - American International Group, Inc\\Documents\\UK-EADS-ui-2741-master\\UK-EADS-ui-2741-master\\eads_web\\reinsurance_system\\view_reinsurance_historic.asp: 2 validation errors for FileReverseEngineering\ncyclomatic_complexity\n  Input should be a valid integer, unable to parse string as an integer [type=int_parsing, input_value='High — estimated 40 or...e in this analysis pass', input_type=str]\n    For further information visit https://errors.pydantic.dev/2.13/v/int_parsing\nmodernization_notes\n  Input should be a valid list [type=list_type, input_value='The flat 5x5x2 variable ... Spring Security layer.', input_type=str]\n    For further information visit https://errors.pydantic.dev/2.13/v/list_type"", ""C:\\Users\\vvishwak\\OneDrive - American International Group, Inc\\Documents\\UK-EADS-ui-2741-master\\UK-EADS-ui-2741-master\\eads_web\\risk_system\\_vti_cnf\\risk_amendment.asp: 1 validation error for DatabaseOp\nis_dynamic_sql\n  Input should be a valid boolean [type=bool_type, input_value=None, input_type=NoneType]\n    For further information visit https://errors.pydantic.dev/2.13/v/bool_type"", ""C:\\Users\\vvishwak\\OneDrive - American International Group, Inc\\Documents\\UK-EADS-ui-2741-master\\UK-EADS-ui-2741-master\\eads_web\\risk_system\\_vti_cnf\\SelectionCriteria.asp: 1 validation error for DatabaseOp\nis_dynamic_sql\n  Input should be a valid boolean [type=bool_type, input_value=None, input_type=NoneType]\n    For further information visit https://errors.pydantic.dev/2.13/v/bool_type"", ""C:\\Users\\vvishwak\\OneDrive - American International Group, Inc\\Documents\\UK-EADS-ui-2741-master\\UK-EADS-ui-2741-master\\eads_web\\risk_system\\enquiries\\_vti_cnf\\PremiumClaimsComparison.asp: 1 validation error for DatabaseOp\nis_dynamic_sql\n  Input should be a valid boolean [type=bool_type, input_value=None, input_type=NoneType]\n    For further information visit https://errors.pydantic.dev/2.13/v/bool_type""]",2026-08-10 22:20:23.360,2026-08-10 22:20:23.360,"[]","[]"
67,proj_0143,completed,,2026-08-13 11:01:59.860,124,124,0,1,0,0,0,0,"{}","{}","{}","{}","{}","{}",,"[]",2026-08-13 11:01:59.862,2026-08-13 11:01:59.862,"[]","[]"
100,proj_0147,completed,,2026-08-13 21:40:57.033,986,976,0,1,0,0,0,0,"{}","{}","{}","{}","{}","{}",,"[""C:\\Users\\raka\\Downloads\\UK-EADS-ui-2741-master\\eads_web\\broker_system\\_vti_cnf\\technician_pop_up.asp: 1 validation error for DatabaseOp\nis_dynamic_sql\n  Input should be a valid boolean [type=bool_type, input_value=None, input_type=NoneType]\n    For further information visit https://errors.pydantic.dev/2.13/v/bool_type"", ""C:\\Users\\raka\\Downloads\\UK-EADS-ui-2741-master\\eads_web\\broker_system\\_vti_cnf\\technician_validation_pop_save.asp: 1 validation error for DatabaseOp\nis_dynamic_sql\n  Input should be a valid boolean [type=bool_type, input_value=None, input_type=NoneType]\n    For further information visit https://errors.pydantic.dev/2.13/v/bool_type"", ""C:\\Users\\raka\\Downloads\\UK-EADS-ui-2741-master\\eads_web\\claims_system\\advice\\NewClaimAdvice.asp: 'list' object has no attribute 'get'"", ""C:\\Users\\raka\\Downloads\\UK-EADS-ui-2741-master\\eads_web\\client_system\\_vti_cnf\\Client_popup.asp: 1 validation error for DatabaseOp\nis_dynamic_sql\n  Input should be a valid boolean [type=bool_type, input_value=None, input_type=NoneType]\n    For further information visit https://errors.pydantic.dev/2.13/v/bool_type"", ""C:\\Users\\raka\\Downloads\\UK-EADS-ui-2741-master\\eads_web\\mgmt_systems\\look_up_tables\\adjusters\\adjuster_save.asp: 1 validation error for DatabaseOp\nis_dynamic_sql\n  Input should be a valid boolean [type=bool_type, input_value=None, input_type=NoneType]\n    For further information visit https://errors.pydantic.dev/2.13/v/bool_type"", ""C:\\Users\\raka\\Downloads\\UK-EADS-ui-2741-master\\eads_web\\mgmt_systems\\look_up_tables\\Law_Jurisdiction\\_vti_cnf\\LJRegion_List.asp: 1 validation error for DatabaseOp\nis_dynamic_sql\n  Input should be a valid boolean [type=bool_type, input_value=None, input_type=NoneType]\n    For further information visit https://errors.pydantic.dev/2.13/v/bool_type"", ""C:\\Users\\raka\\Downloads\\UK-EADS-ui-2741-master\\eads_web\\mgmt_systems\\look_up_tables\\manufacturers\\_vti_cnf\\manufacturers_list.asp: 1 validation error for DatabaseOp\nis_dynamic_sql\n  Input should be a valid boolean [type=bool_type, input_value=None, input_type=NoneType]\n    For further information visit https://errors.pydantic.dev/2.13/v/bool_type"", ""C:\\Users\\raka\\Downloads\\UK-EADS-ui-2741-master\\eads_web\\mgmt_systems\\look_up_tables\\security_groups\\_vti_cnf\\SecurityGroups.asp: 1 validation error for DatabaseOp\nis_dynamic_sql\n  Input should be a valid boolean [type=bool_type, input_value=None, input_type=NoneType]\n    For further information visit https://errors.pydantic.dev/2.13/v/bool_type"", ""C:\\Users\\raka\\Downloads\\UK-EADS-ui-2741-master\\eads_web\\reassured_name_system\\_vti_cnf\\reassured_validation_pop_save.asp: 1 validation error for DatabaseOp\nis_dynamic_sql\n  Input should be a valid boolean [type=bool_type, input_value=None, input_type=NoneType]\n    For further information visit https://errors.pydantic.dev/2.13/v/bool_type"", ""C:\\Users\\raka\\Downloads\\UK-EADS-ui-2741-master\\eads_web\\risk_system\\_vti_cnf\\risk_amendment.asp: 1 validation error for DatabaseOp\nis_dynamic_sql\n  Input should be a valid boolean [type=bool_type, input_value=None, input_type=NoneType]\n    For further information visit https://errors.pydantic.dev/2.13/v/bool_type""]",2026-08-13 21:40:57.035,2026-08-13 21:40:57.035,"[]","[]"
133,proj_0148,completed,,2026-08-14 18:15:47.630,986,981,0,1,0,0,0,0,"{}","{}","{}","{}","{}","{}",,"[""C:\\Users\\raka\\Downloads\\UK-EADS-ui-2741-master\\eads_web\\breakdowns\\satellite\\_vti_cnf\\view_SatelliteBreakdown.asp: 1 validation error for DatabaseOp\nis_dynamic_sql\n  Input should be a valid boolean [type=bool_type, input_value=None, input_type=NoneType]\n    For further information visit https://errors.pydantic.dev/2.13/v/bool_type"", ""C:\\Users\\raka\\Downloads\\UK-EADS-ui-2741-master\\eads_web\\lawyer_system\\_vti_cnf\\lawyer_contact_validation_pop_save.asp: 1 validation error for DatabaseOp\nis_dynamic_sql\n  Input should be a valid boolean [type=bool_type, input_value=None, input_type=NoneType]\n    For further information visit https://errors.pydantic.dev/2.13/v/bool_type"", ""C:\\Users\\raka\\Downloads\\UK-EADS-ui-2741-master\\eads_web\\mgmt_systems\\look_up_tables\\aircraft\\aircraft_save.asp: 1 validation error for DatabaseOp\nis_dynamic_sql\n  Input should be a valid boolean [type=bool_type, input_value=None, input_type=NoneType]\n    For further information visit https://errors.pydantic.dev/2.13/v/bool_type"", ""C:\\Users\\raka\\Downloads\\UK-EADS-ui-2741-master\\eads_web\\mgmt_systems\\utilities_system\\historic_premium_payments\\alps_booking_date\\_vti_cnf\\alps_booking_date_popup_save.asp: 1 validation error for DatabaseOp\nis_dynamic_sql\n  Input should be a valid boolean [type=bool_type, input_value=None, input_type=NoneType]\n    For further information visit https://errors.pydantic.dev/2.13/v/bool_type"", ""C:\\Users\\raka\\Downloads\\UK-EADS-ui-2741-master\\eads_web\\risk_system\\_vti_cnf\\risk_amendment.asp: 1 validation error for DatabaseOp\nis_dynamic_sql\n  Input should be a valid boolean [type=bool_type, input_value=None, input_type=NoneType]\n    For further information visit https://errors.pydantic.dev/2.13/v/bool_type""]",2026-08-14 18:15:47.638,2026-08-14 18:15:47.638,"[]","[]"
166,proj_0149,completed,,2026-08-15 12:05:53.995,124,124,0,1,0,0,0,0,"{}","{}","{}","{}","{}","{}",,"[]",2026-08-15 12:05:53.997,2026-08-15 12:05:53.997,"[]","[]"
199,proj_0150,completed,,2026-08-15 18:01:10.918,124,124,0,1,0,0,0,0,"{}","{}","{}","{}","{}","{}",,"[]",2026-08-15 18:01:10.919,2026-08-15 18:01:10.919,"[]","[]"
232,proj_0151,completed,,2026-08-16 15:13:46.489,124,124,0,1,0,0,0,0,"{}","{}","{}","{}","{}","{}",,"[]",2026-08-16 15:13:46.492,2026-08-16 15:13:46.492,"[]","[]"
265,proj_0152,completed,,2026-08-16 20:31:53.879,10,10,0,1,0,0,0,0,"{}","{}","{}","{}","{}","{}",,"[]",2026-08-16 20:31:53.879,2026-08-16 20:31:53.879,"[]","[]"
298,proj_0153,completed,,2026-08-17 10:04:58.526,10,10,0,1,0,0,0,0,"{}","{}","{}","{}","{}","{}",,"[]",2026-08-17 10:04:58.527,2026-08-17 10:04:58.527,"[]","[]"
331,proj_0154,completed,,2026-08-17 12:14:44.047,10,10,0,1,0,0,0,0,"{}","{}","{}","{}","{}","{}",,"[]",2026-08-17 12:14:44.048,2026-08-17 12:14:44.048,"[]","[]"
364,proj_0157,completed,,2026-08-24 20:07:31.074,986,966,0,1,0,0,0,0,"{}","{}","{}","{}","{}","{}",,"[""C:\\Users\\vvishwak\\OneDrive - American International Group, Inc\\Documents\\UK-EADS-ui-2741-master\\UK-EADS-ui-2741\\eads_web\\breakdowns\\aircraft\\Copy of CopyAircraftBreakdown.asp: 'list' object has no attribute 'get'"", ""C:\\Users\\vvishwak\\OneDrive - American International Group, Inc\\Documents\\UK-EADS-ui-2741-master\\UK-EADS-ui-2741\\eads_web\\breakdowns\\engine\\_vti_cnf\\EngineBreakdown.asp: 1 validation error for DatabaseOp\nis_dynamic_sql\n  Input should be a valid boolean [type=bool_type, input_value=None, input_type=NoneType]\n    For further information visit https://errors.pydantic.dev/2.13/v/bool_type"", ""C:\\Users\\vvishwak\\OneDrive - American International Group, Inc\\Documents\\UK-EADS-ui-2741-master\\UK-EADS-ui-2741\\eads_web\\breakdowns\\satellite\\_vti_cnf\\ListSatellite.asp: 1 validation error for DatabaseOp\nis_dynamic_sql\n  Input should be a valid boolean [type=bool_type, input_value=None, input_type=NoneType]\n    For further information visit https://errors.pydantic.dev/2.13/v/bool_type"", ""C:\\Users\\vvishwak\\OneDrive - American International Group, Inc\\Documents\\UK-EADS-ui-2741-master\\UK-EADS-ui-2741\\eads_web\\broker_system\\_vti_cnf\\brokercontact_validation_pop_save.asp: 1 validation error for DatabaseOp\nis_dynamic_sql\n  Input should be a valid boolean [type=bool_type, input_value=None, input_type=NoneType]\n    For further information visit https://errors.pydantic.dev/2.13/v/bool_type"", ""C:\\Users\\vvishwak\\OneDrive - American International Group, Inc\\Documents\\UK-EADS-ui-2741-master\\UK-EADS-ui-2741\\eads_web\\broker_system\\_vti_cnf\\technician_pop_up.asp: 1 validation error for DatabaseOp\nis_dynamic_sql\n  Input should be a valid boolean [type=bool_type, input_value=None, input_type=NoneType]\n    For further information visit https://errors.pydantic.dev/2.13/v/bool_type"", ""C:\\Users\\vvishwak\\OneDrive - American International Group, Inc\\Documents\\UK-EADS-ui-2741-master\\UK-EADS-ui-2741\\eads_web\\broker_system\\_vti_cnf\\technician_validation_pop_save.asp: 1 validation error for DatabaseOp\nis_dynamic_sql\n  Input should be a valid boolean [type=bool_type, input_value=None, input_type=NoneType]\n    For further information visit https://errors.pydantic.dev/2.13/v/bool_type"", ""C:\\Users\\vvishwak\\OneDrive - American International Group, Inc\\Documents\\UK-EADS-ui-2741-master\\UK-EADS-ui-2741\\eads_web\\epi_system\\clsEPI.asp: 'list' object has no attribute 'get'"", ""C:\\Users\\vvishwak\\OneDrive - American International Group, Inc\\Documents\\UK-EADS-ui-2741-master\\UK-EADS-ui-2741\\eads_web\\lawyer_system\\_vti_cnf\\lawyer_contact_pop_up.asp: 1 validation error for DatabaseOp\nis_dynamic_sql\n  Input should be a valid boolean [type=bool_type, input_value=None, input_type=NoneType]\n    For further information visit https://errors.pydantic.dev/2.13/v/bool_type"", ""C:\\Users\\vvishwak\\OneDrive - American International Group, Inc\\Documents\\UK-EADS-ui-2741-master\\UK-EADS-ui-2741\\eads_web\\loss_adjuster_system\\_vti_cnf\\lossadjustercontact_pop_up.asp: 1 validation error for DatabaseOp\nis_dynamic_sql\n  Input should be a valid boolean [type=bool_type, input_value=None, input_type=NoneType]\n    For further information visit https://errors.pydantic.dev/2.13/v/bool_type"", ""C:\\Users\\vvishwak\\OneDrive - American International Group, Inc\\Documents\\UK-EADS-ui-2741-master\\UK-EADS-ui-2741\\eads_web\\mgmt_systems\\look_up_tables\\_vti_cnf\\index.asp: 1 validation error for DatabaseOp\nis_dynamic_sql\n  Input should be a valid boolean [type=bool_type, input_value=None, input_type=NoneType]\n    For further information visit https://errors.pydantic.dev/2.13/v/bool_type"", ""C:\\Users\\vvishwak\\OneDrive - American International Group, Inc\\Documents\\UK-EADS-ui-2741-master\\UK-EADS-ui-2741\\eads_web\\mgmt_systems\\look_up_tables\\airframe_codes\\airframe_code_save.asp: 1 validation error for DatabaseOp\nis_dynamic_sql\n  Input should be a valid boolean [type=bool_type, input_value=None, input_type=NoneType]\n    For further information visit https://errors.pydantic.dev/2.13/v/bool_type"", ""C:\\Users\\vvishwak\\OneDrive - American International Group, Inc\\Documents\\UK-EADS-ui-2741-master\\UK-EADS-ui-2741\\eads_web\\mgmt_systems\\look_up_tables\\claim_advice_blocking\\_vti_cnf\\advice_block_list.asp: 1 validation error for DatabaseOp\nis_dynamic_sql\n  Input should be a valid boolean [type=bool_type, input_value=None, input_type=NoneType]\n    For further information visit https://errors.pydantic.dev/2.13/v/bool_type"", ""C:\\Users\\vvishwak\\OneDrive - American International Group, Inc\\Documents\\UK-EADS-ui-2741-master\\UK-EADS-ui-2741\\eads_web\\mgmt_systems\\look_up_tables\\personnel\\_vti_cnf\\personnel_add.asp: 1 validation error for DatabaseOp\nis_dynamic_sql\n  Input should be a valid boolean [type=bool_type, input_value=None, input_type=NoneType]\n    For further information visit https://errors.pydantic.dev/2.13/v/bool_type"", ""C:\\Users\\vvishwak\\OneDrive - American International Group, Inc\\Documents\\UK-EADS-ui-2741-master\\UK-EADS-ui-2741\\eads_web\\mgmt_systems\\look_up_tables\\security_groups\\_vti_cnf\\SecurityGroups.asp: 1 validation error for DatabaseOp\nis_dynamic_sql\n  Input should be a valid boolean [type=bool_type, input_value=None, input_type=NoneType]\n    For further information visit https://errors.pydantic.dev/2.13/v/bool_type"", ""C:\\Users\\vvishwak\\OneDrive - American International Group, Inc\\Documents\\UK-EADS-ui-2741-master\\UK-EADS-ui-2741\\eads_web\\mgmt_systems\\look_up_tables\\vatcode\\_vti_cnf\\vatcode_list.asp: 1 validation error for DatabaseOp\nis_dynamic_sql\n  Input should be a valid boolean [type=bool_type, input_value=None, input_type=NoneType]\n    For further information visit https://errors.pydantic.dev/2.13/v/bool_type"", ""C:\\Users\\vvishwak\\OneDrive - American International Group, Inc\\Documents\\UK-EADS-ui-2741-master\\UK-EADS-ui-2741\\eads_web\\premium_payment_system\\ri_entry\\_vti_cnf\\update_reinsurance.asp: 1 validation error for DatabaseOp\nis_dynamic_sql\n  Input should be a valid boolean [type=bool_type, input_value=None, input_type=NoneType]\n    For further information visit https://errors.pydantic.dev/2.13/v/bool_type"", ""C:\\Users\\vvishwak\\OneDrive - American International Group, Inc\\Documents\\UK-EADS-ui-2741-master\\UK-EADS-ui-2741\\eads_web\\reassured_name_system\\_vti_cnf\\reassured_validation_pop_save.asp: 1 validation error for DatabaseOp\nis_dynamic_sql\n  Input should be a valid boolean [type=bool_type, input_value=None, input_type=NoneType]\n    For further information visit https://errors.pydantic.dev/2.13/v/bool_type"", ""C:\\Users\\vvishwak\\OneDrive - American International Group, Inc\\Documents\\UK-EADS-ui-2741-master\\UK-EADS-ui-2741\\eads_web\\risk_system\\_vti_cnf\\RenewalQuote.asp: 1 validation error for DatabaseOp\nis_dynamic_sql\n  Input should be a valid boolean [type=bool_type, input_value=None, input_type=NoneType]\n    For further information visit https://errors.pydantic.dev/2.13/v/bool_type"", ""C:\\Users\\vvishwak\\OneDrive - American International Group, Inc\\Documents\\UK-EADS-ui-2741-master\\UK-EADS-ui-2741\\eads_web\\risk_system\\_vti_cnf\\risk_amendment.asp: 1 validation error for DatabaseOp\nis_dynamic_sql\n  Input should be a valid boolean [type=bool_type, input_value=None, input_type=NoneType]\n    For further information visit https://errors.pydantic.dev/2.13/v/bool_type"", ""C:\\Users\\vvishwak\\OneDrive - American International Group, Inc\\Documents\\UK-EADS-ui-2741-master\\UK-EADS-ui-2741\\eads_web\\risk_system\\enquiries\\_vti_cnf\\PremiumClaimsComparison.asp: 1 validation error for DatabaseOp\nis_dynamic_sql\n  Input should be a valid boolean [type=bool_type, input_value=None, input_type=NoneType]\n    For further information visit https://errors.pydantic.dev/2.13/v/bool_type""]",2026-08-24 20:07:31.077,2026-08-24 20:07:31.077,"[]","[]"
365,proj_0158,completed,,2026-08-24 20:10:10.903,773,772,0,1,0,0,0,0,"{}","{}","{}","{}","{}","{}",,"[""C:\\Users\\pratsing\\OneDrive - American International Group, Inc\\Documents\\POC\\au-booking-services-1405-master\\AIGDAOCONTROLLERS\\aig\\dao\\controller\\location\\LocationController.java: 'list' object has no attribute 'get'""]",2026-08-24 20:10:10.906,2026-08-24 20:10:10.906,"[]","[]"
366,proj_0159,completed,,2026-08-24 21:24:18.254,1436,1436,0,1,0,0,0,0,"{}","{}","{}","{}","{}","{}",,"[]",2026-08-24 21:24:18.256,2026-08-24 21:24:18.256,"[]","[]"
367,proj_0160,completed,,2026-08-25 11:50:58.988,10,10,0,1,0,0,0,0,"{}","{}","{}","{}","{}","{}",,"[]",2026-08-25 11:50:58.989,2026-08-25 11:50:58.989,"[]","[]"
397,proj_0206,completed,,2026-09-09 14:23:57.752,25,25,0,1,0,0,0,0,"{}","{}","{}","{}","{}","{}",,"[]",2026-09-09 14:23:57.754,2026-09-09 14:23:57.754,"[]","[]"
430,proj_0209,completed,,2026-09-15 14:19:43.691,269,266,0,1,0,0,0,0,"{}","{}","{}","{}","{}","{}",,"[""C:\\Users\\pratsing\\OneDrive - American International Group, Inc\\Documents\\POC\\APAC_L3_Knowledge_Transition\\AL.FRE.48.4.0.0\\ADDINT.FRM: 'list' object has no attribute 'get'"", ""C:\\Users\\pratsing\\OneDrive - American International Group, Inc\\Documents\\POC\\APAC_L3_Knowledge_Transition\\AL.FRE.48.4.0.0\\MLDRVDET.FRM: 'list' object has no attribute 'get'"", ""C:\\Users\\pratsing\\OneDrive - American International Group, Inc\\Documents\\POC\\APAC_L3_Knowledge_Transition\\AL.FRE.48.4.0.0\\MLQUOTED.FRM: 'dict' object has no attribute 'lower'""]",2026-09-15 14:19:43.694,2026-09-15 14:19:43.694,"[]","[]"
431,proj_0210,completed,,2026-09-15 16:03:30.853,10,10,0,1,0,0,0,0,"{}","{}","{}","{}","{}","{}",,"[]",2026-09-15 16:03:30.855,2026-09-15 16:03:30.855,"[]","[]"
432,proj_0211,completed,,2026-09-16 02:46:22.055,7,7,0,1,0,0,0,0,"{}","{}","{}","{}","{}","{}",,"[]",2026-09-16 02:46:22.056,2026-09-16 02:46:22.056,"[]","[]"
433,proj_0212,completed,,2026-09-16 13:02:21.395,62,62,0,1,0,0,0,0,"{}","{}","{}","{}","{}","{}",,"[]",2026-09-16 13:02:21.397,2026-09-16 13:02:21.397,"[]","[]"
434,proj_0214,completed,,2026-09-17 11:49:43.224,62,62,0,1,0,0,0,0,"{}","{}","{}","{}","{}","{}",,"[]",2026-09-17 11:49:43.226,2026-09-17 11:49:43.226,"[]","[]"
435,proj_0215,completed,,2026-09-18 15:40:48.526,62,62,0,1,0,0,0,0,"{}","{}","{}","{}","{}","{}",,"[]",2026-09-18 15:40:48.527,2026-09-18 15:40:48.527,"[]","[]"
436,proj_0216,completed,,2026-09-18 16:00:22.337,10,10,0,1,0,0,0,0,"{}","{}","{}","{}","{}","{}",,"[]",2026-09-18 16:00:22.339,2026-09-18 16:00:22.339,"[]","[]"
437,proj_0218,completed,,2026-09-19 11:28:47.332,26,26,0,1,0,0,0,0,"{}","{}","{}","{}","{}","{}",,"[]",2026-09-19 11:28:47.333,2026-09-19 11:28:47.333,"[]","[]"
438,proj_0219,completed,,2026-09-22 06:05:07.358,62,62,0,1,0,0,0,0,"{}","{}","{}","{}","{}","{}",,"[]",2026-09-22 06:05:07.360,2026-09-22 06:05:07.360,"[]","[]"
439,proj_0220,completed,,2026-09-22 08:01:21.911,26,26,0,1,0,0,0,0,"{}","{}","{}","{}","{}","{}",,"[]",2026-09-22 08:01:21.912,2026-09-22 08:01:21.912,"[]","[]"
440,proj_0221,completed,,2026-09-22 09:05:52.142,10,10,0,1,0,0,0,0,"{}","{}","{}","{}","{}","{}",,"[]",2026-09-22 09:05:52.143,2026-09-22 09:05:52.143,"[]","[]"
441,proj_0222,completed,,2026-09-23 17:12:52.281,5,5,0,1,0,0,0,0,"{}","{}","{}","{}","{}","{}",,"[]",2026-09-23 17:12:52.282,2026-09-23 17:12:52.282,"[]","[]"
